<?xml version="1.0" encoding="UTF-8"?>
<configuration status="OFF" strict="true" name="XMLConfigTest" packages="org.apache.logging.log4j">
	<Filter type="ThresholdFilter" level="DEBUG"/>
    <appenders>
        <Console name="Console" target="SYSTEM_OUT">
            <PatternLayout pattern="%d{yyyy-MM-dd HH:mm:ss} %5p %t %-5l - %m%n"/>  <!-- "%d{HH:mm:ss.SSS} [%t] %-5level %logger{36} - %msg%n" -->
        </Console>
        <!-- 
            fileName: укажите расположение журнала и имя журнала.
                         filePattern: укажите расположение и имя журнала резервного копирования.
        -->
        <RollingFile name="RollingFile" fileName="F:/OneDrive/Java/github repositories/logs/log4j2-xml.log" filePattern="F:/OneDrive/Java/github repositories/logs/log4j2-xml-$${date:yyyy-MM}/log4j2-xml-%d{yyyy-MM-dd}-%i.log.txt">
            <!--   - Формат данных журнала вывода -->
            <PatternLayout pattern="%d{yyyy-MM-dd HH:mm:ss} %5p %t %-5l - %m%n"/>
            <!--   - Установите размер файла журнала, когда он превышает 5M, запускает операцию резервного копирования журнала -->
            <SizeBasedTriggeringPolicy size="5 MB" />
        </RollingFile>
    </appenders>
    <loggers>
        <root level="trace">
            <appender-ref ref="Console"/>
            <appender-ref ref="RollingFile"/>
        </root>
    </loggers>
</configuration>